Sample,Unfiltered,Filtered,SNVs,Indels,TMB (mut/Mb),HIGH Impact,MODERATE Impact,Genes Affected
S01,42960,4779,2496,2094,1.75,7,11,14
S02,43642,5465,2715,2555,2.0,3,18,12
S03,46461,6713,3802,2679,2.46,3,25,22
S04,263055,14489,3697,10238,5.31,6,22,20
S05,45079,5734,2989,2557,2.1,4,30,17
S06,43948,5314,2579,2575,1.95,3,19,13
S07,45127,5907,2709,3027,2.17,3,18,12
S08,43860,5408,2505,2736,1.98,2,22,12
S09,42600,4970,2527,2287,1.82,4,15,10
S10,40632,4366,2388,1817,1.6,1,15,10
S11,38997,4069,2412,1509,1.49,1,17,13
S12,44227,5651,2868,2575,2.07,3,19,10
S13,44939,5943,3010,2680,2.18,4,25,14
S14,49300,7980,4592,3216,2.92,6,27,24
S15,347161,17335,5632,11267,6.35,5,41,31
S16,53018,9031,4893,3951,3.31,9,47,43
